"山田","090-1111-1111"
"武田","666-0001"
"大久保","09033333333"
"佐々木","090-４４４4-4444"
"宮本","０９０ー5555-５５５５"
"山下","090-222-1111"
"武下","777-0002"
"市川","09033333333"
"今井","090-４４４4-８８８８"
"宮下","０９０ー７７７７-５５５５"
"山田","090-1111-1111"
"武田","666-0003"
"大久保","09033333333"
"佐々木","090-４４４4-4444"
"宮本","０９０ー5555-５５５５"
"山下","090-222-1111"
"武下","777-0002"
"市川","09033333333"
"今井","090-４４４4-８８８８"
"宮下","０９０ー７７７７-５５５５"
"山田","090-1111-1111"
"武田","666-0015"
"大久保","09033333333"
"佐々木","090-４４４4-4444"
"宮本","０９０ー5555-５５５５"
"山下","090-222-1111"
"武下","777-0002"
"市川","09033333333"
"今井","090-４４４4-８８８８"
"宮下","０９０ー７７７７-５５５５"
"山田","090-1111-1111"
"武田","666-0001"
"大久保","09033333333"
"佐々木","090-４４４4-4444"
"宮本","０９０ー5555-５５５５"
"山下","090-222-1111"
"武下","777-0002"
"市川","09033333333"
"今井","090-４４４4-８８８８"
"宮下","０９０ー７７７７-５５５５"
"山田","090-1111-1111"
"武田","666-0001"
"大久保","09033333333"
"佐々木","090-４４４4-4444"
"宮本","０９０ー5555-５５５５"
"山下","090-222-1111"
"武下","777-0002"
"市川","09033333333"
"今井","090-４４４4-８８８８"
"宮下","０９０ー７７７７-５５５５"
"山田","090-1111-1111"
"武田","666-0001"
"大久保","09033333333"
"佐々木","090-４４４4-4444"
"宮本","０９０ー5555-５５５５"
"山下","090-222-1111"
"武下","777-0002"
"市川","09033333333"
"今井","090-４４４4-８８８８"
"宮下","０９０ー７７７７-５５５５"
"山田","090-1111-1111"
"武田","666-0001"
"大久保","09033333333"
"佐々木","090-４４４4-4444"
"宮本","０９０ー5555-５５５５"
"山下","090-222-1111"
"武下","777-0002"
"市川","09033333333"
"今井","090-４４４4-８８８８"
"宮下","０９０ー７７７７-５５５５"
"山田","090-1111-1111"
"武田","666-0001"
"大久保","09033333333"
"佐々木","090-４４４4-4444"
"宮本","０９０ー5555-５５５５"
"山下","090-222-1111"
"武下","777-0002"
"市川","09033333333"
"今井","090-４４４4-８８８８"
"宮下","０９０ー７７７７-５５５５"
"山田","090-1111-1111"
"武田","666-0001"
"大久保","09033333333"
"佐々木","090-４４４4-4444"
"宮本","０９０ー5555-５５５５"
"山下","090-222-1111"
"武下","777-0002"
"市川","09033333333"
"今井","090-４４４4-８８８８"
"宮下","０９０ー７７７７-５５５５"
"山田","090-1111-1111"
"武田","666-0001"
"大久保","09033333333"
"佐々木","090-４４４4-4444"
"宮本","０９０ー5555-５５５５"
"山下","090-222-1111"
"武下","777-0002"
"市川","09033333333"
"今井","090-４４４4-８８８８"
"宮下","０９０ー７７７７-５５５５"